profile_url,saved,visited_at,update_needed,last_db_update
https://www.linkedin.com/in/vatsal-patel-24b607290,yes,,yes,2026-02-10T06:57:29
https://www.linkedin.com/in/kiran-k-kethineni,yes,,yes,2026-02-10 17:50:59
https://www.linkedin.com/in/harsha911,yes,,yes,2026-02-09 14:13:42
https://www.linkedin.com/in/kenneth-wells-22b5831b7,yes,,yes,2026-02-09 14:57:00
https://www.linkedin.com/in/garrettcayce,yes,,yes,2026-02-10 17:50:59
https://www.linkedin.com/in/anusha-reddy-amaram,yes,,yes,2026-02-10 17:50:59
https://www.linkedin.com/in/davidarendon,yes,,yes,2026-02-10T06:57:29
https://www.linkedin.com/in/akhil-sai-yalavarthi-2210771a7,yes,,yes,2026-02-10 17:50:59
https://www.linkedin.com/in/tyrellr33,yes,,yes,2026-02-09 12:10:35
https://www.linkedin.com/in/puneetputtu,yes,,yes,2026-02-09 12:44:37
https://www.linkedin.com/in/jbarnes1k,yes,,yes,2026-02-10 17:50:59
https://www.linkedin.com/in/pblewis9,yes,,yes,2026-02-10T06:57:29
https://www.linkedin.com/in/madelynn-brandow,yes,,yes,2026-02-10T06:57:29
https://www.linkedin.com/in/grant-spencer-b59887177,yes,,yes,2026-02-09 15:03:11
https://www.linkedin.com/in/dorinda-dumas-42b8b949,yes,,yes,2026-02-10 17:50:59
https://www.linkedin.com/in/hebertalvarez,yes,,yes,2026-02-09 12:43:52
https://www.linkedin.com/in/quincynzokah,yes,,yes,2026-02-09 14:53:06
https://www.linkedin.com/in/talat-bozbiyik-8962b4352,yes,,yes,2026-02-09 15:02:07
https://www.linkedin.com/in/hima-bindhu-vepada,yes,,yes,2026-02-10T06:57:29
https://www.linkedin.com/in/jithendhar-reddy-sheshugari-pmp%C2%AE-670564107,yes,,yes,2026-02-10 17:50:59
https://www.linkedin.com/in/grace-porres,yes,,yes,2026-02-10 17:50:59
https://www.linkedin.com/in/ajinkyapawar07,yes,2026-02-18 01:01:03,no,2026-02-18 01:01:03
https://www.linkedin.com/in/dineshkankanala,yes,,yes,2026-02-09 17:53:41
https://www.linkedin.com/in/santosh-nagireddi-8257ab149,yes,,yes,2026-02-09 13:20:57
https://www.linkedin.com/in/william-euan0219,yes,,yes,2026-02-09 12:09:51
https://www.linkedin.com/in/yuvatejakunda,yes,,yes,2026-02-09 12:39:42
https://www.linkedin.com/in/avinash-parasa-ba0306173,yes,,yes,2026-02-10 17:50:59
https://www.linkedin.com/in/clinton-nguyen,yes,,yes,2026-02-09 12:43:23
https://www.linkedin.com/in/seangerideau,yes,,yes,2026-02-09 12:46:07
https://www.linkedin.com/in/ashwaq-cheema-3a47972a6,yes,,yes,2026-02-10 17:50:59
https://www.linkedin.com/in/thomas-north-181aa512,yes,,yes,2026-02-10 17:50:59
https://www.linkedin.com/in/nanditha-sai-pasumarthy,yes,,yes,2026-02-09 15:01:23
https://www.linkedin.com/in/durgasantosh-g,yes,,yes,2026-02-09 13:16:21
https://www.linkedin.com/in/lennox-london-32b462281,yes,,yes,2026-02-10 17:50:59
https://www.linkedin.com/in/dario-dias,yes,,yes,2026-02-09 12:46:42
https://www.linkedin.com/in/suleiman-abu-suleiman-2b257021b,yes,,yes,2026-02-09 15:00:15
https://www.linkedin.com/in/vaishnavi-sabna-b55b7020b,yes,,yes,2026-02-10 17:50:59
https://www.linkedin.com/in/sowmyasree,yes,,yes,2026-02-10 17:50:59
https://www.linkedin.com/in/rishi-raj-kanukuntla,yes,,yes,2026-02-09 12:06:20
https://www.linkedin.com/in/alisha-benjamin,yes,,yes,2026-02-10 17:50:59
https://www.linkedin.com/in/hossein-tashakkori-57a817234,yes,,yes,2026-02-10 17:50:59
https://www.linkedin.com/in/rajanak-manish,yes,,yes,2026-02-10 17:50:59
https://www.linkedin.com/in/shinji-kato,yes,,yes,2026-02-09 21:00:40
https://www.linkedin.com/in/dyuksha,yes,,yes,2026-02-10T06:57:29
https://www.linkedin.com/in/rahmanmehmood,yes,,yes,2026-02-10 17:50:59
https://www.linkedin.com/in/ruvail-khan,yes,,yes,2026-02-10 17:50:59
https://www.linkedin.com/in/nada-albadan-1a853a295,yes,,yes,2026-02-10 17:50:59
https://www.linkedin.com/in/kimdotranofficial,yes,,yes,2026-02-09 14:54:42
https://www.linkedin.com/in/zahra-gharahbeigi-b2309490,yes,,yes,2026-02-09 14:53:59
https://www.linkedin.com/in/suhayb-muhammad,yes,,yes,2026-02-09 13:14:59
https://www.linkedin.com/in/harinath-chakali-352222221,yes,,yes,2026-02-09 12:11:10
https://www.linkedin.com/in/benjaminmh,yes,,yes,2026-02-10 17:50:59
https://www.linkedin.com/in/suryarushineti,yes,,yes,2026-02-10 17:50:59
https://www.linkedin.com/in/xmike04,yes,,yes,2026-02-10 17:50:59
https://www.linkedin.com/in/sai-kumar-kurella,yes,,yes,2026-02-10 17:50:59
https://www.linkedin.com/in/uzoojinnaka,yes,,yes,2026-02-10 17:50:59
https://www.linkedin.com/in/srikar-ganne-993963375,yes,,yes,2026-02-09 14:12:52
https://www.linkedin.com/in/laura-almara,yes,,yes,2026-02-10 17:50:59
https://www.linkedin.com/in/monique-simberg,yes,,yes,2026-02-09 12:41:31
https://www.linkedin.com/in/ryan-momanyi-2b1870321,yes,,yes,2026-02-09 20:59:51
https://www.linkedin.com/in/mohamed-elhassan-,yes,,yes,2026-02-09 14:57:23
https://www.linkedin.com/in/yurisplann,yes,,yes,2026-02-09 13:23:24
https://www.linkedin.com/in/uthanda-lohitha-892241247,yes,,yes,2026-02-09 12:42:06
https://www.linkedin.com/in/ciamaq,yes,,yes,2026-02-10 17:50:59
https://www.linkedin.com/in/silvino-p-bastos,yes,,yes,2026-02-09 21:04:47
https://www.linkedin.com/in/sanjana-prashanth,yes,,yes,2026-02-09 12:38:31
https://www.linkedin.com/in/claire-asonganyi-b3481b235,yes,,yes,2026-02-10 17:50:59
https://www.linkedin.com/in/safe-mufasa,yes,,yes,2026-02-09 13:21:47
https://www.linkedin.com/in/rahul-manikya,yes,,yes,2026-02-10 17:50:59
https://www.linkedin.com/in/kalyan-kumar-putti-a5b32a18b,yes,,yes,2026-02-10 17:50:59
https://www.linkedin.com/in/fjoshuarodda,yes,,yes,2026-02-10T06:57:29
https://www.linkedin.com/in/estheregbe,yes,,yes,2026-02-10T06:57:29
https://www.linkedin.com/in/seemaparvez-shaik,yes,,yes,2026-02-10 17:50:59
https://www.linkedin.com/in/josiah-larimer-8ba508151,yes,,yes,2026-02-09 13:20:09
https://www.linkedin.com/in/pooja-t-56488b32a,yes,,yes,2026-02-09 21:01:44
https://www.linkedin.com/in/henry-justiniano-72986970,yes,,yes,2026-02-09 14:57:57
https://www.linkedin.com/in/isis-schmidt-397517264,yes,,yes,2026-02-09 14:52:13
https://www.linkedin.com/in/sikono-williams-shonibare,yes,,yes,2026-02-09 12:07:23
https://www.linkedin.com/in/thunder-oyebi-4409b3297,yes,,yes,2026-02-09 13:22:18
https://www.linkedin.com/in/geoffreybalkcom,yes,,yes,2026-02-10 17:50:59
https://www.linkedin.com/in/hesam-akbari-8a39b933b,yes,,yes,2026-02-09 13:24:05
https://www.linkedin.com/in/zohreh-farahmandpour-a73944199,yes,,yes,2026-02-10 17:50:59
https://www.linkedin.com/in/pratap-poudel-engr,yes,,yes,2026-02-10 17:50:59
https://www.linkedin.com/in/ramiro-ojeda-duran,yes,,yes,2026-02-10 17:50:59
https://www.linkedin.com/in/gold-werra-b75b532b8,yes,,yes,2026-02-09 12:08:27
https://www.linkedin.com/in/masoud-rafiei-44628856,yes,,yes,2026-02-09 14:51:10
https://www.linkedin.com/in/julian-lamark-48b907185,yes,,yes,2026-02-09 13:18:10
https://www.linkedin.com/in/govardhan6765,yes,,yes,2026-02-09 14:14:22
https://www.linkedin.com/in/hamzahasham,yes,,yes,2026-02-10 17:50:59
https://www.linkedin.com/in/rkindugapalli,yes,,yes,2026-02-10T06:57:29
https://www.linkedin.com/in/manoj-kumar-cherukuneedi-875594260,yes,,yes,2026-02-09 12:45:39
https://www.linkedin.com/in/kishore-kumar-aatmakuri-951b2832a,yes,,yes,2026-02-09 12:47:44
https://www.linkedin.com/in/abhigna111,yes,2026-02-18 00:57:12,no,2026-02-18 00:57:12
https://www.linkedin.com/in/saimanikanta-kasireddy,yes,,yes,2026-02-09 14:15:28
https://www.linkedin.com/in/sahar-behpour,yes,,yes,2026-02-10 17:50:59
https://www.linkedin.com/in/jonathan-stewart-argyle,yes,,yes,2026-02-09 13:24:49
https://www.linkedin.com/in/visalakshi-polepalli17,yes,,yes,2026-02-10T06:57:29
https://www.linkedin.com/in/nada-farooqi-13ba63136,yes,,yes,2026-02-10 17:50:59
https://www.linkedin.com/in/jamesrateliff,yes,,yes,2026-02-09 14:56:04
https://www.linkedin.com/in/greeshma-sangaraju-5b6842259,yes,,yes,2026-02-09 12:39:01
https://www.linkedin.com/in/nengi-pollyn-ab151028b,yes,,yes,2026-02-10 17:50:59
https://www.linkedin.com/in/anishka-singh-a7050128a,yes,,yes,2026-02-10 17:50:59
https://www.linkedin.com/in/siamak-biglari-ardebili,yes,,yes,2026-02-10 17:50:59
https://www.linkedin.com/in/ashaliban,yes,,yes,2026-02-10 17:50:59
https://www.linkedin.com/in/adrian-lopez1,yes,2026-02-18 00:57:57,no,2026-02-18 00:57:57
https://www.linkedin.com/in/bryan-hastye,yes,,yes,2026-02-09 14:55:30
https://www.linkedin.com/in/aiden-anthony,yes,,yes,2026-02-18 06:40:09
https://www.linkedin.com/in/shahiupendra11,yes,,yes,2026-02-10 17:50:59
https://www.linkedin.com/in/peyton-coate-2a2846268,yes,,yes,2026-02-09 12:40:30
https://www.linkedin.com/in/jademitchell4,yes,,yes,2026-02-09 12:09:26
https://www.linkedin.com/in/afkhanaijazahamedkhan,yes,,yes,2026-02-18 06:37:28
https://www.linkedin.com/in/kotavenukaswetha,yes,,yes,2026-02-10 17:50:59
https://www.linkedin.com/in/suhaibuddina,yes,,yes,2026-02-10 17:50:59
https://www.linkedin.com/in/kyle-wick,yes,,yes,2026-02-09 13:15:42
https://www.linkedin.com/in/marcus-young-61763042,yes,,yes,2026-02-10 17:50:59
https://www.linkedin.com/in/aiswaryapalla,yes,2026-02-18 00:59:39,no,2026-02-18 00:59:39
https://www.linkedin.com/in/rakinder-sanghera,yes,,yes,2026-02-09 14:16:35
https://www.linkedin.com/in/varun-chowdary-yarraguntla-2a8827247,yes,,yes,2026-02-10T06:57:29
https://www.linkedin.com/in/layamyadam,yes,,yes,2026-02-10T06:57:29
https://www.linkedin.com/in/abdul-barbakh-72030319a,yes,,yes,2026-02-18 06:33:39
https://www.linkedin.com/in/mohammedfaisal1,yes,,yes,2026-02-10 17:50:59
https://www.linkedin.com/in/joseph-espinosa27,yes,,yes,2026-02-10 17:50:59
https://www.linkedin.com/in/tarun-preetham-chintada-706a2114a,yes,,yes,2026-02-10 17:50:59
https://www.linkedin.com/in/joshua-merryman-56116715,yes,,yes,2026-02-09 14:17:35
https://www.linkedin.com/in/kirmi-vyas,yes,,yes,2026-02-09 14:59:22
https://www.linkedin.com/in/ervinfrenzel,no,2025-12-05T13:38:04,no,2026-02-10 17:50:59
https://www.linkedin.com/in/chido-kwande,no,2025-12-05T13:38:09,no,2026-02-10 17:50:59
https://www.linkedin.com/in/lotfibenothmane,no,2025-12-05T13:38:23,no,2026-02-10 17:50:59
https://www.linkedin.com/in/334123159,no,2025-12-05T13:38:29,no,2026-02-10 17:50:59
https://www.linkedin.com/in/raja-shehryar-iqbal-772200249,no,2025-12-05T13:38:34,no,2026-02-10 17:50:59
https://www.linkedin.com/in/kurtbarnhart,no,2025-12-05T13:38:47,no,2026-02-10 17:50:59
https://www.linkedin.com/in/li-xiaohua-0a490673,no,2025-12-05T13:38:52,no,2026-02-10 17:50:59
https://www.linkedin.com/in/reza-mohammadi-8241048,no,2025-12-05T13:39:05,no,2026-02-10 17:50:59
https://www.linkedin.com/in/saeedghalambor,no,2025-12-05T13:39:10,no,2026-02-10 17:50:59
https://www.linkedin.com/in/dr-abdellatif-sadeq-143505212,no,2025-12-05T13:39:23,no,2026-02-10 17:50:59
https://www.linkedin.com/in/yufeng-zheng-b4bb2b27,no,2025-12-05T13:39:29,no,2026-02-10 17:50:59
https://www.linkedin.com/in/michael-s-007b98132,no,2025-12-05T13:39:36,no,2026-02-10 17:50:59
https://www.linkedin.com/in/shahzaib-ahmed-334122119,no,2025-12-05T13:39:59,no,2026-02-10 17:50:59
https://www.linkedin.com/in/sensong-an-37b063136,no,2025-12-05T13:40:13,no,2026-02-10 17:50:59
https://www.linkedin.com/in/ruhailmushtaq,no,2025-12-05T13:40:18,no,2026-02-10 17:50:59
https://www.linkedin.com/in/bahardorri,no,2025-12-05T13:40:31,no,2026-02-10 17:50:59
https://www.linkedin.com/in/stan-nelsen-ccim-53260a2b,no,2025-12-05T13:40:38,no,2026-02-10 17:50:59
https://www.linkedin.com/in/anvay-srivastava,no,2025-12-05T13:40:45,no,2026-02-10 17:50:59
https://www.linkedin.com/in/kinshuk1,no,2025-12-05T13:40:59,no,2026-02-10 17:50:59
https://www.linkedin.com/in/nauman-ullah-bb24b118,no,2025-12-05T13:41:05,no,2026-02-10 17:50:59
https://www.linkedin.com/in/vishnu-p-b59a25136,no,2025-12-05T20:13:25,no,2026-02-10 17:50:59
https://www.linkedin.com/in/aftab-ajmeri,no,2025-12-05T20:13:38,no,2026-02-10 17:50:59
https://www.linkedin.com/in/khaled-abdelghany-721aa22,no,2025-12-05T20:13:52,no,2026-02-10 17:50:59
https://www.linkedin.com/in/mahesh-nandyala-6869a342,no,2025-12-05T20:14:06,no,2026-02-10 17:50:59
https://www.linkedin.com/in/mehrzad-soltani-9961962bb,no,2025-12-05T20:14:15,no,2026-02-10 17:50:59
https://www.linkedin.com/in/angie-cartwright,no,2025-12-05T20:15:02,no,2026-02-10 17:50:59
https://www.linkedin.com/in/shadi-majd-m-s-02b76b1,no,2025-12-05T20:15:08,no,2026-02-10 17:50:59
https://www.linkedin.com/in/daksh-chavada6497,no,2025-12-05T20:15:14,no,2026-02-10 17:50:59
https://www.linkedin.com/in/bharath-kumar-reddy-poreddy,no,2025-12-05T20:16:11,no,2026-02-10 17:50:59
https://www.linkedin.com/in/sai-sandeep-kancharla-09bb46317,yes,2025-12-05T14:14:15,yes,2026-02-10 17:50:59
https://www.linkedin.com/in/raviteja-py,yes,2025-12-05T14:15:14,yes,2026-02-09 19:10:55
https://www.linkedin.com/in/ahbagheri,yes,2025-12-05T14:16:11,yes,2026-02-18 06:38:15
https://www.linkedin.com/in/gamboa-gerardo,yes,2025-12-05T20:56:51,yes,2026-02-10 17:50:59
https://www.linkedin.com/in/alireza-aminifazl,yes,2025-12-05T20:57:31,yes,2026-02-10T06:57:29
https://www.linkedin.com/in/awais-mechanical-engineer,yes,2025-12-05T20:58:07,yes,2026-02-10 17:50:59
https://www.linkedin.com/in/jaden-johnson-4981b0250,yes,2025-12-05T14:37:38,yes,2026-02-10 17:50:59
https://www.linkedin.com/in/srinu-perumalla,yes,2025-12-05T14:38:13,yes,2026-02-10 17:50:59
https://www.linkedin.com/in/john-alexander-8848a64,yes,2025-12-05T14:38:42,yes,2026-02-10 17:50:59
https://www.linkedin.com/in/sohail-khan-13a968a2,yes,2025-12-05T14:39:37,yes,2026-02-10 17:50:59
https://www.linkedin.com/in/james-david-s,yes,2025-12-05T15:01:27,yes,2026-02-10 17:50:59
https://www.linkedin.com/in/thomas-scharf-87070410,no,2025-12-05T21:30:10,no,2026-02-10 17:50:59
https://www.linkedin.com/in/mahdi-pedram-b29bb7107,no,2025-12-05T21:30:24,no,2026-02-10 17:50:59
https://www.linkedin.com/in/ahmedmaged1,no,2025-12-05T21:31:53,no,2026-02-10 17:50:59
https://www.linkedin.com/in/paige-mcduffee,no,2025-12-05T21:33:50,no,2026-02-10 17:50:59
https://www.linkedin.com/in/ehsan-s-626146190,no,2025-12-05T21:33:56,no,2026-02-10 17:50:59
https://www.linkedin.com/in/mitty-plummer-80a20075,no,2025-12-05T21:34:02,no,2026-02-10 17:50:59
https://www.linkedin.com/in/andr%C3%A9-wyzykowski-94828420b,no,2025-12-05T21:37:35,no,2026-02-10 17:50:59
https://www.linkedin.com/in/amit-kumar-mishra-a8283998,no,2025-12-05T21:38:12,no,2026-02-10 17:50:59
https://www.linkedin.com/in/poorya-hajyalikhani-ph-d-p-e-22247017,no,2025-12-05T21:38:18,no,2026-02-10 17:50:59
https://www.linkedin.com/in/richard-pierson-b959ba15a,no,2025-12-05T21:38:25,no,2026-02-10 17:50:59
https://www.linkedin.com/in/ajitbehera1,no,2025-12-05T21:38:40,no,2026-02-10 17:50:59
https://www.linkedin.com/in/noah-ali-12a5241b8,yes,2025-12-05T15:29:17,yes,2026-02-10T06:57:29
https://www.linkedin.com/in/yannick-wappler,yes,2025-12-05T15:30:25,yes,2026-02-10 17:50:59
https://wwwlinkedin.com/in/antonio-de-jesus-garcia-b213542a3,yes,2025-12-05T15:31:17,no,2026-02-10 17:50:59
https://www.linkedin.com/in/vishalreddypathuri,yes,2025-12-05T15:31:53,yes,2026-02-09 21:05:44
https://www.linkedin.com/in/yara-kamal-739aa696,yes,2025-12-05T15:32:17,yes,2026-02-10 17:50:59
https://www.linkedin.com/in/sai-koushik-gutta-2a0b2b192,yes,2025-12-05T15:32:49,yes,2026-02-10 17:50:59
https://www.linkedin.com/in/lutfun-nahar-nipa-b79b21b0,yes,2025-12-05T15:34:02,yes,2026-02-09 19:11:19
https://www.linkedin.com/in/rashmitha-gongati-a11b1319b,yes,2025-12-05T15:34:38,yes,2026-02-10 17:50:59
https://www.linkedin.com/in/kavyayeravelli,yes,2025-12-05T15:36:00,yes,2026-02-10 17:50:59
https://www.linkedin.com/in/ahnaafibrahim,yes,2026-02-18 00:58:41,no,2026-02-18 00:58:41
https://www.linkedin.com/in/harshab2309,yes,2025-12-05T15:36:51,yes,2026-02-09 21:06:40
https://www.linkedin.com/in/ilyas-cetinkaya-2b5ba458,yes,2025-12-05T15:37:35,yes,2026-02-10 17:50:59
https://www.linkedin.com/in/prathyushamondru,yes,2025-12-05T15:38:40,yes,2026-02-10 17:50:59
https://www.linkedin.com/in/tramel-m,yes,2025-12-05T15:39:04,yes,2026-02-10 17:50:59
https://www.linkedin.com/in/sanjeevyerapotini,yes,2025-12-05T15:39:49,yes,2026-02-10T06:57:29
https://www.linkedin.com/in/ruchitha-jillala-232aa3214,yes,2025-12-05T15:40:34,yes,2026-02-10 17:50:59
https://www.linkedin.com/in/anvith-reddy-keesari-5a403a250,yes,2025-12-05T15:41:25,yes,2026-02-10 17:50:59
https://www.linkedin.com/in/jacobsunny21,yes,2026-01-04T15:08:04,no,2026-02-10 17:50:59
https://www.linkedin.com/in/harichandanabhogaraju,yes,2026-01-04T15:46:24,no,2026-02-10 17:50:59
https://www.linkedin.com/in/sanjanamadharapu,yes,2026-01-04T15:46:55,no,2026-02-10 17:50:59
https://www.linkedin.com/in/prudhvilok-attur-832640241,yes,2026-01-04T15:47:28,no,2026-02-10 17:50:59
https://www.linkedin.com/in/akshitha-s08,yes,2026-01-04T20:01:14,no,2026-02-10 17:50:59
https://www.linkedin.com/in/benhur-murikipudi,yes,2026-01-04T20:02:26,no,2026-02-10 17:50:59
https://www.linkedin.com/in/sophie-nti,yes,2026-01-04T20:03:10,no,2026-02-10 17:50:59
https://www.linkedin.com/in/parrisht,yes,2026-01-04T20:04:27,no,2026-02-10 17:50:59
https://www.linkedin.com/in/charu-bhattarai-7110a7109,yes,2026-01-04T20:04:51,no,2026-02-10 17:50:59
https://www.linkedin.com/in/sridharchaganti,yes,2026-01-04T20:05:19,no,2026-02-10 17:50:59
https://www.linkedin.com/in/rajendra-suryadevara-927b513,yes,2026-01-04T20:06:06,no,2026-02-10 17:50:59
https://www.linkedin.com/in/sri-v-ram,yes,2026-01-04T20:06:54,no,2026-02-10 17:50:59
https://www.linkedin.com/in/roshini-kovvuri,yes,2026-01-04T20:07:16,no,2026-02-10 17:50:59
https://www.linkedin.com/in/zainab-fatima-754a4124b,yes,2026-01-04T20:07:45,no,2026-02-10 17:50:59
https://www.linkedin.com/in/scott-peterson-15b16b21,yes,2026-01-04T20:08:18,no,2026-02-10 17:50:59
https://www.linkedin.com/in/venkata-subramanyam-rayi-ba643a265,yes,2026-01-04T20:08:53,no,2026-02-10 17:50:59
https://www.linkedin.com/in/betelehem-dejene,yes,2026-01-04T20:09:28,no,2026-02-10 17:50:59
https://www.linkedin.com/in/kurmila989,yes,2026-01-04T20:23:46,yes,2026-02-09 21:13:08
https://www.linkedin.com/in/salmaan-janjua-2b62741b0,yes,2026-01-04T20:24:41,yes,2026-02-09 21:13:39
https://www.linkedin.com/in/mithra-gatla-753795109,yes,2026-01-04T20:26:07,yes,2026-02-09 21:14:44
https://www.linkedin.com/in/anh-vu-011271296,no,2026-01-11T02:20:54,no,2026-02-10 17:50:59
https://www.linkedin.com/in/jacqueline-t-5932a2246,yes,2026-01-26T19:58:15,no,2026-02-10 17:50:59
https://www.linkedin.com/in/ganeshr3,yes,2026-01-26T19:59:31,no,2026-02-10 17:50:59
https://www.linkedin.com/in/dieuthi-nguyen-5b225b274,yes,2026-01-26T20:45:50,yes,2026-02-09 21:08:10
https://www.linkedin.com/in/kennethspencerprofile,yes,2026-01-26T20:46:23,yes,2026-02-10T06:57:29
https://www.linkedin.com/in/khajaunt,yes,2026-01-26T20:47:11,yes,2026-02-09 18:46:22
https://www.linkedin.com/in/usha-mandula-b60456315,yes,2026-01-26T21:13:55,no,2026-02-10 17:50:59
https://www.linkedin.com/in/chiranjeevi-lakshman-rao-uppala-615021222,yes,2026-01-26T21:14:52,no,2026-02-10 17:50:59
https://www.linkedin.com/in/nbcastaneda,yes,2026-01-26T21:15:17,no,2026-02-10 17:50:59
https://www.linkedin.com/in/lethan-nguyen-16l3,yes,2026-01-26T21:15:56,no,2026-02-10 17:50:59
https://linkedin.com/in/johnsmith,yes,2026-01-27T17:41:32,no,2026-02-10 17:50:59
https://linkedin.com/in/sarahjohnson,yes,2026-01-27T17:41:32,no,2026-02-10 17:50:59
https://linkedin.com/in/michaelchen,yes,2026-01-27T17:41:32,no,2026-02-10 17:50:59
https://linkedin.com/in/jessicawilliams,yes,2026-01-27T17:41:32,no,2026-02-10 17:50:59
https://linkedin.com/in/davidmartinez,yes,2026-01-27T17:41:32,no,2026-02-10 17:50:59
https://linkedin.com/in/emilybrown,yes,2026-01-27T17:41:32,no,2026-02-10 17:50:59
https://linkedin.com/in/roberttaylor,yes,2026-01-27T17:41:32,no,2026-02-10 17:50:59
https://linkedin.com/in/lisaanderson,yes,2026-01-27T17:41:33,no,2026-02-10 17:50:59
https://www.linkedin.com/in/aaditibhandari,yes,2026-01-27T19:51:41,yes,2026-02-18 06:31:52
https://www.linkedin.com/in/aaguilar1892,yes,2026-01-27T19:52:21,yes,2026-02-18 06:32:16
https://www.linkedin.com/in/adrianpedrazaa,yes,2026-01-27T19:55:18,yes,2026-02-18 06:36:40
https://www.linkedin.com/in/alexysarebalos,yes,2026-01-27T20:01:38,yes,2026-02-10 17:50:59
https://www.linkedin.com/in/amer-ahmed-mohammed,yes,2026-01-27T20:03:46,yes,2026-02-10 17:50:59
https://www.linkedin.com/in/amitysaijaswanth2025,yes,2026-01-27T20:04:18,yes,2026-02-10 17:50:59
https://www.linkedin.com/in/anila-ferdous-b25306233,yes,2026-01-27T20:05:18,yes,2026-02-10 17:50:59
https://www.linkedin.com/in/asheshpinisetti,yes,2026-01-27T20:09:45,yes,2026-02-10 17:50:59
https://www.linkedin.com/in/chandrahasa-narramneni-5a8065272,yes,2025-11-30T16:14:10,yes,2026-02-09 15:03:52
https://www.linkedin.com/in/murali-sai-srinivas,yes,2025-11-27T13:37:52,yes,2026-02-10 17:50:59
https://www.linkedin.com/in/syril-karyamsetty-29824178,yes,2025-11-27T14:12:41,yes,2026-02-10T06:57:29
https://www.linkedin.com/in/sandeep-kumar-r-495751b4,yes,2025-11-30T16:15:15,yes,2026-02-10 17:50:59
https://www.linkedin.com/in/bpandey7,yes,2025-11-30T16:15:52,yes,2026-02-09 17:54:59
https://www.linkedin.com/in/chancecarpenterbusinessanalytics,yes,2025-11-30T16:16:53,yes,2026-02-10T06:57:29
https://www.linkedin.com/in/kevinnguyen17,yes,2025-11-30T16:17:26,yes,2026-02-09 17:57:27
https://www.linkedin.com/in/ramya-ananta-36bb77324,yes,2025-11-30T16:18:09,yes,2026-02-09 17:58:00
https://www.linkedin.com/in/harshini-sai-7bb360192,yes,2025-11-30T16:20:19,yes,2026-02-09 17:58:56
https://www.linkedin.com/in/rudhrani-rao,yes,2025-11-29T14:01:48,yes,2026-02-09 17:59:46
https://www.linkedin.com/in/tulasi-jaliparthi-2364a0221,yes,2025-11-30T16:21:10,yes,2026-02-09 18:00:53
https://www.linkedin.com/in/pradipsapkota01,yes,2025-11-29T14:06:05,yes,2026-02-09 18:59:52
https://www.linkedin.com/in/kishan-venkata-k-310792168,yes,2025-11-30T12:25:26,yes,2026-02-10 17:50:59
https://www.linkedin.com/in/sunaina29a,yes,2025-11-21T19:21:43,yes,2026-02-09 18:41:15
https://www.linkedin.com/in/suraj-varne-sheela,yes,2025-11-30T13:41:01,yes,2026-02-09 18:42:17
https://www.linkedin.com/in/saikiranreddy-koppula-b9b9b8196,yes,2025-11-27T13:57:11,yes,2025-11-27T13:57:11
https://www.linkedin.com/in/ose-ehovuon-606108264,yes,2025-11-30T13:28:18,yes,2026-02-09 18:43:13
https://www.linkedin.com/in/david-oladipupo-gideon,yes,2025-11-30T13:31:25,yes,2026-02-09 18:44:00
https://www.linkedin.com/in/philippe-thomas,yes,2025-11-30T13:36:52,yes,2026-02-09 19:01:39
https://www.linkedin.com/in/vinay-bera-b345a4367,yes,2025-11-30T14:10:14,yes,2026-02-09 19:02:41
https://www.linkedin.com/in/stephie-konan-1b6061292,yes,2025-11-30T14:25:25,yes,2026-02-09 18:45:40
https://www.linkedin.com/in/sai-teja-talluri-6b7754b8,yes,2025-11-30T15:21:50,yes,2026-02-10 17:50:59
https://www.linkedin.com/in/sachin-banjade-345339248,yes,2025-11-30T15:24:20,yes,2026-02-10T06:57:29
https://www.linkedin.com/in/niranjan-paudel-14a31a330,yes,2025-11-30T15:26:26,yes,2026-02-10T06:57:29
https://www.linkedin.com/in/sanjay-chaudhary-1254b3245,yes,2025-11-30T15:28:31,yes,2026-02-10T06:57:29
https://www.linkedin.com/in/sangambartaula,yes,2025-11-30T15:30:37,yes,2026-02-10T06:57:29
https://www.linkedin.com/in/deepika-lingutla-082183175,yes,2025-11-30T16:56:46,yes,2026-02-10T06:57:29
https://www.linkedin.com/in/vamsi-geddavalasa,yes,2025-11-30T17:00:56,yes,2026-02-10T06:57:29
https://www.linkedin.com/in/shree-adithya-d-36910a151,yes,2025-11-30T17:53:03,yes,2026-02-09 19:04:45
https://www.linkedin.com/in/swapna-kusuluri-1625a1168,yes,2025-11-30T17:57:21,yes,2026-02-09 19:05:38
https://www.linkedin.com/in/moparthisaiashritha,yes,2025-11-30T18:01:39,yes,2026-02-09 19:06:43
https://www.linkedin.com/in/damodar-k-0194a7196,yes,2025-11-30T18:14:32,yes,2026-02-10T06:57:29
https://www.linkedin.com/in/oziel-p-096080196,yes,2025-11-30T18:16:55,yes,2026-02-09 19:07:14
https://www.linkedin.com/in/pratyushdhl,yes,2025-11-30T18:19:02,yes,2026-02-09 19:08:20
https://www.linkedin.com/in/gopi-chand-4197a1135,yes,2025-11-30T21:03:27,yes,2026-02-09 19:08:43
https://www.linkedin.com/in/henry-atterberry-0859202a9,yes,2025-11-30T21:05:36,yes,2026-02-09 21:04:19
https://www.linkedin.com/in/brandon-walker-653797299,yes,2025-11-30T21:07:46,yes,2026-02-09 19:09:07
https://www.linkedin.com/in/sanskar-bhattarai-84a252286,yes,2025-11-30T21:17:21,yes,2026-02-09 19:10:04
https://www.linkedin.com/in/bryant-vazquez-0231701b6,yes,2025-12-01T13:24:18,yes,2026-02-09 19:12:19
https://www.linkedin.com/in/luis-aranda-lga,yes,2025-12-02T12:35:31,yes,2026-02-09 21:07:05
https://www.linkedin.com/in/nabigh-lalani-73b874255,yes,2026-01-03T15:22:45,yes,2026-02-10 17:50:59
https://www.linkedin.com/in/jason-zapata,yes,2026-01-03T15:24:32,yes,2026-02-10 17:50:59
https://www.linkedin.com/in/jaswanth-vemulapalli-83a40319b,yes,2026-01-03T15:25:28,yes,2026-02-10 17:50:59
https://www.linkedin.com/in/jordan-lucien-bussa-b11b3a309,yes,2026-01-03T20:34:21,yes,2026-02-10 17:50:59
https://www.linkedin.com/in/bryan-tang-932a511ba,yes,2026-01-03T20:38:12,yes,2026-02-10 17:50:59
https://www.linkedin.com/in/kalib-chandani-78488616a,yes,2026-01-03T21:03:29,yes,2026-02-10 17:50:59
https://www.linkedin.com/in/quentin-thorpe,yes,2026-01-04T08:13:26,yes,2026-02-10 17:50:59
https://www.linkedin.com/in/jvguzman21,yes,2026-01-04T08:14:20,yes,2026-02-10 17:50:59
https://www.linkedin.com/in/jamilette,yes,2026-01-04T08:14:46,yes,2026-02-10 17:50:59
https://www.linkedin.com/in/hermela-medhanye-36b149297,yes,2026-01-04T08:15:20,yes,2026-02-10 17:50:59
https://www.linkedin.com/in/lavanya-somarapu-533905171,yes,2026-01-04T08:15:54,yes,2026-02-10 17:50:59
https://www.linkedin.com/in/praneetha-motla-818993234,yes,2026-01-04T08:16:24,yes,2026-02-10 17:50:59
https://www.linkedin.com/in/venkata-saib,yes,2026-01-04T08:19:13,yes,2026-02-10 17:50:59
https://www.linkedin.com/in/sandilya-pemmaraju-5877b532,yes,2026-01-04T08:20:17,yes,2026-02-10T06:57:29
https://www.linkedin.com/in/nirupesh-reddy-93618b1b9,yes,2026-01-04T08:20:49,yes,2026-02-10 17:50:59
https://www.linkedin.com/in/kallenschulz,yes,2026-01-04T08:21:21,yes,2026-02-10 17:50:59
https://www.linkedin.com/in/jollythomas03,yes,2026-01-04T09:28:29,yes,2026-02-10 17:50:59
https://www.linkedin.com/in/guthikondaniharika,yes,2026-01-04T09:29:25,yes,2026-02-10 17:50:59
https://www.linkedin.com/in/vineesha-reddy-6a59a114a,yes,2026-01-04T09:29:59,yes,2026-02-09 19:13:16
https://www.linkedin.com/in/ysk-vamsee,yes,2026-01-04T09:30:29,yes,2026-02-10 17:50:59
https://www.linkedin.com/in/maneeshreddyvustela,yes,2026-01-04T09:31:59,yes,2026-02-10 17:50:59
https://www.linkedin.com/in/sushmithajorrigala,yes,2026-01-04T09:32:45,yes,2026-02-10 17:50:59
https://www.linkedin.com/in/drusyachandra,yes,2026-01-27T23:52:39,yes,2026-02-10 17:50:59
https://www.linkedin.com/in/devinorlandohall,yes,2026-01-27T23:53:01,yes,2026-02-10 17:50:59
https://www.linkedin.com/in/abdalrahman-alkewaifi,yes,2026-01-27T23:53:58,yes,2026-02-18 06:33:04
https://www.linkedin.com/in/siddhi-talele-256a64ba,yes,2026-01-27T23:54:52,yes,2026-02-10 17:50:59
https://www.linkedin.com/in/chima-akanno,yes,2026-01-27T23:55:59,yes,2026-02-10 17:50:59
https://www.linkedin.com/in/mustafa-sahiby-878209308,yes,2026-01-27T23:56:20,yes,2026-02-09 21:08:48
https://www.linkedin.com/in/neeraja-buddaraju-52265b125,yes,2026-01-27T23:57:07,yes,2026-02-10 17:50:59
https://www.linkedin.com/in/tsateja,yes,2026-01-27T23:58:03,yes,2026-02-10 17:50:59
https://www.linkedin.com/in/raymond-garcia-7a26502,yes,2026-01-27T23:58:31,yes,2026-02-10 17:50:59
https://www.linkedin.com/in/rieshab-k-dev-5a12a4217,yes,2026-01-27T23:59:30,yes,2026-02-10 17:50:59
https://www.linkedin.com/in/barrington-thorpe,yes,2026-01-28T00:00:20,yes,2026-02-10 17:50:59
https://www.linkedin.com/in/mani-k-06a19a23a,yes,2026-01-28T00:00:43,yes,2026-02-10 17:50:59
https://www.linkedin.com/in/yvishwakreddy,yes,2026-01-28T00:01:40,yes,2026-02-10 17:50:59
https://www.linkedin.com/in/ACoAADALWlQBA-tIPe4gY_uoKDC2A_5g-km5z8c,yes,2026-01-28T00:02:06,yes,2026-02-18 06:30:11
https://www.linkedin.com/in/del-newberry,yes,2026-01-28T00:02:50,yes,2026-02-10 17:50:59
https://www.linkedin.com/in/sherwin-navai-b4966a194,yes,2026-01-28T00:03:46,yes,2026-02-10 17:50:59
https://www.linkedin.com/in/colinhoweth,yes,2026-01-28T00:04:46,yes,2026-02-09 21:09:46
https://www.linkedin.com/in/abrielle-williams-271a731a2,yes,2026-01-28T00:05:44,yes,2026-02-18 06:34:56
https://www.linkedin.com/in/hunterfidler,yes,2026-01-28T00:06:06,yes,2026-02-10 17:50:59
https://www.linkedin.com/in/skyler-hawkins-246194228,yes,2026-01-28T00:06:44,yes,2026-02-10 17:50:59
https://www.linkedin.com/in/joshua-cramer,yes,2026-01-28T00:07:41,yes,2026-02-10 17:50:59
https://www.linkedin.com/in/mukundmalladi,yes,2026-01-28T00:08:03,yes,2026-02-10 17:50:59
https://www.linkedin.com/in/narender-r-0683931b1,yes,2026-01-28T00:09:12,yes,2026-02-10 17:50:59
https://www.linkedin.com/in/lakshmi-priyanka-chirumamilla-601a761aa,yes,2026-01-28T00:09:51,yes,2026-02-10 17:50:59
https://www.linkedin.com/in/michael-koch-b5a69948,yes,2026-01-28T00:10:33,yes,2026-02-10 17:50:59
https://www.linkedin.com/in/pavan-p-516280255,yes,2026-01-28T00:11:19,yes,2026-02-10 17:50:59
https://www.linkedin.com/in/jushalya-kotturi-0761582b6,yes,2026-01-28T00:11:41,yes,2026-02-10 17:50:59
https://www.linkedin.com/in/prathyusha-m-6191b0191,yes,2026-01-28T00:12:38,yes,2026-02-10 17:50:59
https://www.linkedin.com/in/manchala-ushasri-69b5a01ba,yes,2026-01-28T00:13:23,yes,2026-02-10 17:50:59
https://www.linkedin.com/in/ram-chandra-reddy-m,yes,2026-01-28T00:13:44,yes,2026-02-10 17:50:59
https://www.linkedin.com/in/jonathanrfoote,yes,2026-01-28T00:14:50,yes,2026-02-10 17:50:59
https://www.linkedin.com/in/fernando-martinez-rivera-47704512b,yes,2026-01-28T00:15:41,yes,2026-02-10 17:50:59
https://www.linkedin.com/in/anjali-r-72a8a4265,yes,2026-01-28T00:16:22,yes,2026-02-09 21:10:23
https://www.linkedin.com/in/nanthitha-vijayan-513066296,yes,2026-01-28T00:17:20,yes,2026-02-10T06:57:29
https://www.linkedin.com/in/huyanhnguyen95,yes,2026-01-28T00:18:20,yes,2026-02-10 17:50:59
https://www.linkedin.com/in/raymond-whatley-61497693,yes,2026-01-28T00:18:41,yes,2026-02-10 17:50:59
https://www.linkedin.com/in/sahithi-beluguppa-69275119b,yes,2026-01-28T00:19:11,yes,2026-02-10 17:50:59
https://www.linkedin.com/in/priyanka-singh-76a2151a4,yes,2026-01-28T00:20:03,yes,2026-02-10 17:50:59
https://www.linkedin.com/in/spandana-engineer,yes,2026-01-28T00:20:29,yes,2026-02-10 17:50:59
https://www.linkedin.com/in/john-w-girvan-mba-cia-cfe-crma-6848457,yes,2026-01-28T00:21:33,yes,2026-02-10 17:50:59
https://www.linkedin.com/in/ryan-leonard-a44520105,yes,2026-01-28T00:22:31,yes,2026-02-10 17:50:59
https://www.linkedin.com/in/gnana-deepa-paladugu-97b78a259,yes,2026-01-28T00:22:52,yes,2026-02-10 17:50:59
https://www.linkedin.com/in/jyothirmai-seela-a3b71a2a3,yes,2026-01-28T00:23:48,yes,2026-02-09 21:11:22
https://www.linkedin.com/in/ajay-kumar-b9b25b229,yes,2026-02-18 01:00:40,no,2026-02-18 01:00:40
https://www.linkedin.com/in/jaredwhite2292,yes,2026-01-28T00:25:33,yes,2026-02-10 17:50:59
https://www.linkedin.com/in/chandanswaraj,yes,2026-01-28T00:25:53,yes,2026-02-10 17:50:59
https://www.linkedin.com/in/issamargamino,yes,2026-01-28T00:26:42,yes,2026-02-10 17:50:59
https://www.linkedin.com/in/michaelas,yes,2026-01-28T00:27:29,yes,2026-02-10T06:57:29
https://www.linkedin.com/in/dustin-hughes-a01bb520,yes,2026-01-28T00:28:24,yes,2026-02-10 17:50:59
https://www.linkedin.com/in/sammysirak,yes,2026-01-28T00:29:27,yes,2026-02-10 17:50:59
https://www.linkedin.com/in/laurenme95,yes,2026-01-28T00:30:35,yes,2026-02-10 17:50:59
https://www.linkedin.com/in/chandu-nvs,yes,2026-01-28T00:30:56,yes,2026-02-10 17:50:59
https://www.linkedin.com/in/hemanth-channamallu,yes,2026-01-28T00:31:38,yes,2026-02-10 17:50:59
https://www.linkedin.com/in/christopher-mcnutt-productmanager,yes,2026-01-28T00:32:30,yes,2026-02-10 17:50:59
https://www.linkedin.com/in/siva-naga-jyothi-m-2aa6b126b,yes,2026-01-28T00:33:27,yes,2026-02-10 17:50:59
https://www.linkedin.com/in/kiran-vodapelli-74a067103,yes,2026-01-28T00:34:00,yes,2026-02-10 17:50:59
https://www.linkedin.com/in/evan-placke-pmp-csm-cspo-b3270714,yes,2026-01-28T00:34:21,yes,2026-02-10 17:50:59
https://www.linkedin.com/in/anna-mcdermott-61221b40,yes,2026-01-28T00:35:20,yes,2026-02-10 17:50:59
https://www.linkedin.com/in/minh-h-3390808b,yes,2026-01-28T00:36:03,yes,2026-02-10 17:50:59
https://www.linkedin.com/in/braddddpitttt,yes,2026-01-28T00:36:38,yes,2026-02-10 17:50:59
https://www.linkedin.com/in/antonio-de-jesus-garcia-b213542a3,yes,2026-01-28T06:11:25,yes,2026-02-10 17:50:59
https://www.linkedin.com/in/kommabathula-preethi-9a6a481b2,yes,2026-01-29T04:09:08,yes,2026-02-10T06:57:29
https://www.linkedin.com/in/ajith-rao-velpuri-0a5924221,yes,2026-01-29T04:09:54,yes,2026-02-10T06:57:29
https://www.linkedin.com/in/ACoAAEjnuvgBamHQtbsPFoh0cRA_gklimOAR-Wg,yes,2026-01-29T04:11:27,no,2026-02-10 17:50:59
https://www.linkedin.com/in/lrrdy-a213h4,yes,2026-01-29T04:12:18,yes,2026-02-10T06:57:29
https://www.linkedin.com/in/syam-konakalla-637665206,yes,2026-01-29T04:13:04,yes,2026-02-10T06:57:29
https://www.linkedin.com/in/dongyu-jeremy-ang-859b251a,yes,2026-01-29T04:15:05,yes,2026-02-10T06:57:29
https://www.linkedin.com/in/chetan-raju-549a91250,yes,2026-01-29T04:15:42,yes,2026-02-10T06:57:29
https://www.linkedin.com/in/sudha-rani-8b4a8b252,yes,2026-01-29T04:16:04,yes,2026-02-10T06:57:29
https://www.linkedin.com/in/taylor-compton-222090196,yes,2026-01-29T04:17:39,yes,2026-02-10T06:57:29
https://www.linkedin.com/in/jordan-baird-b6a6b821,yes,2026-01-29T04:18:01,yes,2026-02-10T06:57:29
https://www.linkedin.com/in/dmdietz,yes,2026-01-29T04:18:52,yes,2026-02-10T06:57:29
https://www.linkedin.com/in/trenton-traffanstedt-mba-64639197,yes,2026-01-29T04:19:33,yes,2026-02-09 21:15:36
https://www.linkedin.com/in/markhulettjr,yes,2026-01-29T04:20:34,yes,2026-02-10T06:57:29
https://www.linkedin.com/in/lauren-floyd-mha-a4887a105,yes,2026-01-29T04:21:38,yes,2026-02-10T06:57:29
https://www.linkedin.com/in/suchi-chowdary-467166361,yes,2026-01-29T04:22:01,yes,2026-02-10T06:57:29
https://www.linkedin.com/in/venkat-n-8034b1357,yes,2026-01-29T04:22:23,yes,2026-02-10T06:57:29
https://www.linkedin.com/in/erica-rios-97159a9a,yes,2026-01-29T04:23:27,yes,2026-02-10T06:57:29
https://www.linkedin.com/in/sheri-fanous-litton-249b05a0,yes,2026-01-29T04:24:13,yes,2026-02-10T06:57:29
https://www.linkedin.com/in/ahmad-sabir-65a2b981,yes,2026-01-29T04:25:15,yes,2026-02-18 06:38:52
https://www.linkedin.com/in/harika-reddy-03a7a1347,yes,2026-01-29T04:25:48,yes,2026-02-09 21:16:30
https://www.linkedin.com/in/reneesnook,yes,2026-01-29T04:26:51,yes,2026-02-10T06:57:29
https://www.linkedin.com/in/shiva-t-50a5ab33b,yes,2026-01-29T04:27:11,yes,2026-02-10T06:57:29
https://www.linkedin.com/in/rahman-sk-7b5a69348,yes,2026-01-29T04:27:44,yes,2026-02-09 21:17:19
https://www.linkedin.com/in/kevin-rowden-97a8b737,yes,2026-01-29T04:28:22,yes,2026-02-10T06:57:29
https://www.linkedin.com/in/vaishnavi-g-53ab24359,yes,2026-01-29T04:28:52,yes,2026-02-10T06:57:29
https://www.linkedin.com/in/hasini-kanuru,yes,2026-01-29T04:29:13,yes,2026-02-10T06:57:29
https://www.linkedin.com/in/lfausak,yes,2026-01-29T04:29:46,yes,2026-02-10T06:57:29
https://www.linkedin.com/in/navya-baddam-658291230,yes,2026-01-29T04:30:33,yes,2026-02-10T06:57:29
https://www.linkedin.com/in/saivineethkankanala,yes,2026-01-29T04:31:40,yes,2026-02-10T06:57:29
https://www.linkedin.com/in/kyle-schoby,yes,2026-01-29T04:32:30,yes,2026-02-10T06:57:29
https://www.linkedin.com/in/ryanchristle,yes,2026-01-29T04:33:13,yes,2026-02-09 21:18:03
https://www.linkedin.com/in/mariyam-shifana,yes,2026-01-29T04:34:01,yes,2026-02-10T06:57:29
https://www.linkedin.com/in/rahul-katta-92a3b1272,yes,2026-01-29T04:35:07,yes,2026-02-10T06:57:29
https://www.linkedin.com/in/josephfergen,yes,2026-01-29T04:35:58,yes,2026-02-10T06:57:29
https://www.linkedin.com/in/bhumika-chundu-023669251,yes,2026-01-29T04:36:23,yes,2026-02-10T06:57:29
https://www.linkedin.com/in/nikitha-chowdary-yalamarthi-984365210,yes,2026-01-29T04:36:44,yes,2026-02-10T06:57:29
https://www.linkedin.com/in/venkata-sai-gireesh-palamala,yes,2026-01-29T04:37:28,yes,2026-02-10T06:57:29
https://www.linkedin.com/in/alejandrobacallao,yes,2026-01-29T04:38:02,yes,2026-02-10T06:57:29
https://www.linkedin.com/in/amruth-jaligama,yes,2026-01-29T04:38:29,yes,2026-02-10T06:57:29
https://www.linkedin.com/in/aparna-chalumuri-36a060216,yes,2026-01-29T04:38:58,yes,2026-02-10T06:57:29
https://www.linkedin.com/in/sai-sindhu-rudraraju,yes,2026-01-29T04:39:19,yes,2026-02-10T06:57:29
https://www.linkedin.com/in/k-anusha-v,yes,2026-01-29T04:40:11,yes,2026-02-10T06:57:29
https://www.linkedin.com/in/deepkumar-mistry-948808110,yes,2026-01-29T04:41:15,yes,2026-02-10T06:57:29
https://www.linkedin.com/in/dustinruiz,yes,2026-01-29T04:41:36,yes,2026-02-10T06:57:29
https://www.linkedin.com/in/james-herron-794b5a222,yes,2026-01-29T04:42:17,yes,2026-02-10T06:57:29
https://www.linkedin.com/in/gopisairam999,yes,2026-01-29T04:43:12,yes,2026-02-10T06:57:29
https://www.linkedin.com/in/christopher-collins-0b56631a2,yes,2026-01-29T04:43:38,yes,2026-02-10T06:57:29
https://www.linkedin.com/in/hrushikesh-badineni9,yes,2026-01-29T04:44:19,yes,2026-02-10T06:57:29
https://www.linkedin.com/in/ryan-flint-652618254,yes,2026-01-29T04:45:00,yes,2026-02-10T06:57:29
https://www.linkedin.com/in/dawson-hudson-3435031b3,yes,2026-01-29T04:45:21,yes,2026-02-10T06:57:29
https://www.linkedin.com/in/vamsi-krishna-b3840a299,yes,2026-01-29T04:46:29,yes,2026-02-09 21:18:53
https://www.linkedin.com/in/bradleyombachi,yes,2026-01-29T04:46:50,yes,2026-02-10T06:57:29
https://www.linkedin.com/in/sravanreddymandhadi,yes,2026-01-29T04:47:40,yes,2026-02-10T06:57:29
https://www.linkedin.com/in/nihashreddy,yes,2026-01-29T04:48:33,yes,2026-02-10T06:57:29
https://www.linkedin.com/in/anjaneyulu-chevvu-1928782b6,yes,2026-01-29T04:49:16,yes,2026-02-10T06:57:29
https://www.linkedin.com/in/ACoAAABtUoIBIK1eVavR_1oK3Af0nIdRasjf5Zw,yes,2026-01-29T04:49:51,no,2026-02-17 22:56:47
https://www.linkedin.com/in/jasonmblack,yes,2026-01-29T04:50:23,yes,2026-02-10T06:57:29
https://www.linkedin.com/in/rishika-dudipala,yes,2026-01-29T04:50:45,yes,2026-02-10T06:57:29
https://www.linkedin.com/in/venkata-naganjaneyulu-achyutha,yes,2026-01-29T04:51:15,yes,2026-02-10T06:57:29
https://www.linkedin.com/in/austin-hatcher-b6441857,yes,2026-01-29T04:52:21,yes,2026-02-10T06:57:29
https://www.linkedin.com/in/paulsastry-kumpati,yes,2026-01-29T04:52:43,yes,2026-02-10T06:57:29
https://www.linkedin.com/in/sravani-g-283934169,yes,2026-01-29T04:53:44,yes,2026-02-10T06:57:29
https://www.linkedin.com/in/raj-kumar-3b7a2b139,yes,2026-01-29T04:54:38,yes,2026-02-10T06:57:29
https://www.linkedin.com/in/tristen-friedson-8674b6261,yes,2026-01-29T04:54:59,yes,2026-02-10T06:57:29
https://www.linkedin.com/in/cameronrosales0,yes,2026-01-29T04:56:07,yes,2026-02-10T06:57:29
https://www.linkedin.com/in/njdelacruz,yes,2026-01-29T23:11:29,yes,2026-02-10T06:57:29
https://www.linkedin.com/in/drholloway,yes,2026-01-29T23:12:28,yes,2026-02-10T06:57:29
https://www.linkedin.com/in/samholsomback,yes,2026-01-29T23:12:55,yes,2026-02-10T06:57:29
https://www.linkedin.com/in/veera-venkata-lakshmi-srisha-kasukurthi-625b48249,yes,2026-01-29T23:14:04,yes,2026-02-10T06:57:29
https://www.linkedin.com/in/aya-l-8345131a8,yes,2026-01-29T23:14:51,yes,2026-02-10T06:57:29
https://www.linkedin.com/in/gabrieltovar95,yes,2026-01-29T23:15:53,yes,2026-02-10T06:57:29
https://www.linkedin.com/in/jacqueline-tb,yes,2026-02-03 17:48:47,yes,2026-02-10 17:50:59
https://www.linkedin.com/in/jacob-turner-56b33a297,yes,2026-02-03 17:49:08,yes,2026-02-10 17:50:59
https://www.linkedin.com/in/shantanreddyjulukuntla-8a843827,yes,2026-02-06T21:00:35,yes,2026-02-10 17:50:59
https://www.linkedin.com/in/mike-cappallo-3b06b58,yes,2026-02-06T20:59:32,yes,2026-02-10 17:50:59
https://www.linkedin.com/in/tien-huynh-b2510915b,yes,2026-02-03 17:51:58,yes,2026-02-10 17:50:59
https://www.linkedin.com/in/ACoAAEEGvS4BMp-1pnHgDIsRXzg4pmNfxF06eNQ,yes,2026-02-03 17:52:35,yes,2026-02-18 06:31:10
https://www.linkedin.com/in/bradley-evans-8047911a,yes,2026-02-03 17:53:42,yes,2026-02-10 17:50:59
https://www.linkedin.com/in/shane-roberts-3044a61a9,yes,2026-02-03 17:54:22,yes,2026-02-10 17:50:59
https://www.linkedin.com/in/richard-ervin-jr,yes,2026-02-03 17:55:27,yes,2026-02-10 17:50:59
https://www.linkedin.com/in/nitheeshasingireddy9294,yes,2026-02-03 17:56:58,yes,2026-02-10 17:50:59
https://www.linkedin.com/in/dinakar-narahari,yes,2026-02-03 17:57:44,yes,2026-02-10 17:50:59
https://www.linkedin.com/in/konntimmy,yes,2026-02-06T21:43:31,yes,2026-02-10 17:50:59
https://www.linkedin.com/in/shreeti-upreti-3914a5b8,yes,2026-02-03 17:59:50,yes,2026-02-10 17:50:59
https://www.linkedin.com/in/jason-hawkins-5109042,yes,2026-02-03 18:00:48,yes,2026-02-10 17:50:59
https://www.linkedin.com/in/gabriella-s-grimaldo-5b4265183,yes,2026-02-03 18:01:42,yes,2026-02-10 17:50:59
https://www.linkedin.com/in/jackson-beaudreau-509421362,yes,2026-02-03 18:02:29,yes,2026-02-10 17:50:59
https://www.linkedin.com/in/james-childers-97012415,yes,2026-02-03 18:03:19,yes,2026-02-10 17:50:59
https://www.linkedin.com/in/aryan-g-b7277835a,yes,2026-02-06T21:45:06,yes,2026-02-10 17:50:59
https://www.linkedin.com/in/savannah-southwood-8993a6194,yes,2026-02-03 18:04:34,yes,2026-02-10 17:50:59
https://www.linkedin.com/in/beckybenlin,yes,2026-02-03 18:05:11,yes,2026-02-10 17:50:59
https://www.linkedin.com/in/mcutshaw,yes,2026-02-03 18:05:49,yes,2026-02-10 17:50:59
https://www.linkedin.com/in/ray-david-a7890a3,yes,2026-02-03 18:06:08,yes,2026-02-10 17:50:59
https://www.linkedin.com/in/michellegillum,yes,2026-02-03 18:06:39,yes,2026-02-10 17:50:59
https://www.linkedin.com/in/georgetoon,yes,2026-02-03 18:07:19,yes,2026-02-10 17:50:59
https://www.linkedin.com/in/jeffrey-bowman2027,yes,2026-02-06T20:55:57,no,2026-02-10 17:50:59
https://www.linkedin.com/in/arundara,yes,2026-02-06T20:57:04,no,2026-02-10 17:50:59
https://www.linkedin.com/in/amyphan2,yes,2026-02-06T20:57:57,no,2026-02-10 17:50:59
https://www.linkedin.com/in/muchakurthi-sahithi-982853227,yes,2026-02-06T20:58:47,no,2026-02-10 17:50:59
https://www.linkedin.com/in/sheshank-kumar-anumari,yes,2026-02-06T21:01:35,no,2026-02-10 17:50:59
https://www.linkedin.com/in/cedoz-nguyen-77b4b4312,yes,2026-02-06T21:03:29,no,2026-02-10 17:50:59
https://www.linkedin.com/in/jonstarcevich,yes,2026-02-06T21:04:19,no,2026-02-10 17:50:59
https://www.linkedin.com/in/temiyaomo,yes,2026-02-06T21:04:45,no,2026-02-10 17:50:59
https://www.linkedin.com/in/jeffrey-thomas-72aaa655,yes,2026-02-06T21:05:48,no,2026-02-10 17:50:59
https://www.linkedin.com/in/meghchow,yes,2026-02-06T21:06:48,no,2026-02-10 17:50:59
https://www.linkedin.com/in/jason-young-93244612,yes,2026-02-06T21:08:04,no,2026-02-10 17:50:59
https://www.linkedin.com/in/grantzelenay,yes,2026-02-06T21:08:54,no,2026-02-10 17:50:59
https://www.linkedin.com/in/abigail-endris,yes,2026-02-06T21:42:29,no,2026-02-10 17:50:59
https://www.linkedin.com/in/mohammad-mari,yes,2026-02-05T22:15:53,yes,2026-02-10T06:57:29
https://www.linkedin.com/in/aparna-chalumuri,yes,2026-02-10 05:49:35,yes,2026-02-10 06:29:51
https://www.linkedin.com/in/sravya-enjapuri-74ab13212,yes,2026-02-10 05:50:14,yes,2026-02-10 06:29:51
